user_id,username,email,password_hash,full_name,badge_number,role,department,is_active,last_login_at,auth_metadata,created_at,updated_at
66565712-3809-4a11-b6a6-267c9632b8de,marcus.sinclair000,marcus.sinclair000@crimemind.internal,$2b$12$e8Y6lP6xY6.G3gN1Gk2h6.vA7n3y0M7X3zF1Q7K0y4W2a5v8S1d2u,Marcus Sinclair,SHERIFF-1000,investigator,Major Crimes Division,True,2024-04-05T02:33:27,"{""mfa_enabled"": true, ""clearance_level"": ""LEVEL_4_RESTRICTED""}",2021-03-28T16:28:29,2024-02-24T04:35:15
b59072cc-f516-4b6f-a78a-b048e9139f49,enzo.cross001,enzo.cross001@crimemind.internal,$2b$12$e8Y6lP6xY6.G3gN1Gk2h6.vA7n3y0M7X3zF1Q7K0y4W2a5v8S1d2u,Enzo Cross,SHERIFF-1001,analyst,Forensic & Intelligence Bureau,True,2024-08-17T07:47:20,"{""mfa_enabled"": true, ""clearance_level"": ""LEVEL_4_RESTRICTED""}",2021-06-13T20:35:47,2024-01-13T08:14:09
8c07f298-8462-4b00-936b-ff7f3a920329,derrick.chen002,derrick.chen002@crimemind.internal,$2b$12$e8Y6lP6xY6.G3gN1Gk2h6.vA7n3y0M7X3zF1Q7K0y4W2a5v8S1d2u,Derrick Chen,SHERIFF-1002,supervisor,Major Crimes Division,True,2024-03-31T08:33:24,"{""mfa_enabled"": true, ""clearance_level"": ""LEVEL_4_RESTRICTED""}",2021-07-16T06:15:09,2024-08-21T19:13:16
5c54f670-6f4e-48ac-b037-14e47e8bc1d3,gideon.blackwood003,gideon.blackwood003@crimemind.internal,$2b$12$e8Y6lP6xY6.G3gN1Gk2h6.vA7n3y0M7X3zF1Q7K0y4W2a5v8S1d2u,Gideon Blackwood,SHERIFF-1003,forensic_specialist,Forensic & Intelligence Bureau,True,2024-07-30T15:13:21,"{""mfa_enabled"": true, ""clearance_level"": ""LEVEL_4_RESTRICTED""}",2021-06-12T22:12:29,2024-03-26T14:39:19
dfaf1f55-3d8a-4a9c-a709-6cf618e3925a,brianna.sinclair004,brianna.sinclair004@crimemind.internal,$2b$12$e8Y6lP6xY6.G3gN1Gk2h6.vA7n3y0M7X3zF1Q7K0y4W2a5v8S1d2u,Brianna Sinclair,,administrator,Forensic & Intelligence Bureau,True,2024-01-03T12:34:22,"{""mfa_enabled"": true, ""clearance_level"": ""LEVEL_4_RESTRICTED""}",2021-10-22T16:35:50,2024-03-03T00:07:57
dce7d7d3-cd52-45a3-a48f-1cbcc2f38f1e,selena.sinclair005,selena.sinclair005@crimemind.internal,$2b$12$e8Y6lP6xY6.G3gN1Gk2h6.vA7n3y0M7X3zF1Q7K0y4W2a5v8S1d2u,Selena Sinclair,SHERIFF-1005,investigator,Major Crimes Division,True,2024-03-01T09:10:26,"{""mfa_enabled"": true, ""clearance_level"": ""LEVEL_4_RESTRICTED""}",2021-03-25T14:52:10,2024-05-10T17:17:18
790448c9-cc09-4591-a4cb-d113804a44ff,derrick.navarro006,derrick.navarro006@crimemind.internal,$2b$12$e8Y6lP6xY6.G3gN1Gk2h6.vA7n3y0M7X3zF1Q7K0y4W2a5v8S1d2u,Derrick Navarro,SHERIFF-1006,analyst,Forensic & Intelligence Bureau,True,2024-02-07T13:27:43,"{""mfa_enabled"": true, ""clearance_level"": ""LEVEL_4_RESTRICTED""}",2021-05-20T09:55:49,2024-05-13T13:53:58
d9e9d72a-367c-4e37-b976-0f92b946d941,kendra.miller007,kendra.miller007@crimemind.internal,$2b$12$e8Y6lP6xY6.G3gN1Gk2h6.vA7n3y0M7X3zF1Q7K0y4W2a5v8S1d2u,Kendra Miller,SHERIFF-1007,supervisor,Major Crimes Division,True,2024-06-27T10:09:00,"{""mfa_enabled"": true, ""clearance_level"": ""LEVEL_4_RESTRICTED""}",2021-07-28T06:00:29,2024-02-18T11:27:50
389c7756-a444-486a-9905-ad915761c126,sophia.fontana008,sophia.fontana008@crimemind.internal,$2b$12$e8Y6lP6xY6.G3gN1Gk2h6.vA7n3y0M7X3zF1Q7K0y4W2a5v8S1d2u,Sophia Fontana,SHERIFF-1008,forensic_specialist,Forensic & Intelligence Bureau,True,2024-04-23T20:37:10,"{""mfa_enabled"": true, ""clearance_level"": ""LEVEL_4_RESTRICTED""}",2021-11-19T02:36:42,2024-08-28T05:01:18
325c6883-a5ec-4f13-ae99-478dd824a8ae,brianna.blackwood009,brianna.blackwood009@crimemind.internal,$2b$12$e8Y6lP6xY6.G3gN1Gk2h6.vA7n3y0M7X3zF1Q7K0y4W2a5v8S1d2u,Brianna Blackwood,,administrator,Forensic & Intelligence Bureau,True,2024-01-28T00:18:03,"{""mfa_enabled"": true, ""clearance_level"": ""LEVEL_4_RESTRICTED""}",2021-01-18T19:06:51,2024-03-29T12:09:57
143d6e54-bc2e-4542-a06e-fbd301959ba2,sophia.sloan010,sophia.sloan010@crimemind.internal,$2b$12$e8Y6lP6xY6.G3gN1Gk2h6.vA7n3y0M7X3zF1Q7K0y4W2a5v8S1d2u,Sophia Sloan,SHERIFF-1010,investigator,Major Crimes Division,True,2024-02-09T05:24:05,"{""mfa_enabled"": true, ""clearance_level"": ""LEVEL_4_RESTRICTED""}",2021-05-28T15:01:59,2024-04-17T22:54:06
68e925bd-86c9-4625-8bbb-30d153f455e7,fiona.lombardi011,fiona.lombardi011@crimemind.internal,$2b$12$e8Y6lP6xY6.G3gN1Gk2h6.vA7n3y0M7X3zF1Q7K0y4W2a5v8S1d2u,Fiona Lombardi,SHERIFF-1011,analyst,Forensic & Intelligence Bureau,True,2024-03-04T04:02:45,"{""mfa_enabled"": true, ""clearance_level"": ""LEVEL_4_RESTRICTED""}",2021-05-24T18:20:12,2024-05-17T23:21:46
f08819de-8cdf-4d9a-9ee2-ab69821e4c6f,vincent.hayes012,vincent.hayes012@crimemind.internal,$2b$12$e8Y6lP6xY6.G3gN1Gk2h6.vA7n3y0M7X3zF1Q7K0y4W2a5v8S1d2u,Vincent Hayes,SHERIFF-1012,supervisor,Major Crimes Division,True,2024-08-24T13:30:44,"{""mfa_enabled"": true, ""clearance_level"": ""LEVEL_4_RESTRICTED""}",2021-09-04T14:25:35,2024-03-07T11:07:40
7376fa40-6fea-4f0a-9bf9-55c81825da08,alexander.trevino013,alexander.trevino013@crimemind.internal,$2b$12$e8Y6lP6xY6.G3gN1Gk2h6.vA7n3y0M7X3zF1Q7K0y4W2a5v8S1d2u,Alexander Trevino,SHERIFF-1013,forensic_specialist,Forensic & Intelligence Bureau,True,2024-05-27T08:46:51,"{""mfa_enabled"": true, ""clearance_level"": ""LEVEL_4_RESTRICTED""}",2021-04-15T20:05:45,2024-08-04T07:08:52
921f8512-3612-4802-a1a5-b5d189f672cb,felix.ortiz014,felix.ortiz014@crimemind.internal,$2b$12$e8Y6lP6xY6.G3gN1Gk2h6.vA7n3y0M7X3zF1Q7K0y4W2a5v8S1d2u,Felix Ortiz,,administrator,Forensic & Intelligence Bureau,True,2024-03-29T22:52:57,"{""mfa_enabled"": true, ""clearance_level"": ""LEVEL_4_RESTRICTED""}",2021-11-16T03:45:19,2024-01-13T11:11:45
3382f2b2-f06a-49ce-89cb-d39c6931ae28,diana.sinclair015,diana.sinclair015@crimemind.internal,$2b$12$e8Y6lP6xY6.G3gN1Gk2h6.vA7n3y0M7X3zF1Q7K0y4W2a5v8S1d2u,Diana Sinclair,SHERIFF-1015,investigator,Major Crimes Division,True,2024-01-26T16:55:21,"{""mfa_enabled"": true, ""clearance_level"": ""LEVEL_4_RESTRICTED""}",2021-03-23T22:30:09,2024-08-08T06:30:04
998dad15-d905-4bc3-a151-a3220058556b,nadia.valdez016,nadia.valdez016@crimemind.internal,$2b$12$e8Y6lP6xY6.G3gN1Gk2h6.vA7n3y0M7X3zF1Q7K0y4W2a5v8S1d2u,Nadia Valdez,SHERIFF-1016,analyst,Forensic & Intelligence Bureau,True,2024-06-02T15:33:23,"{""mfa_enabled"": true, ""clearance_level"": ""LEVEL_4_RESTRICTED""}",2021-12-10T13:50:40,2024-06-27T04:48:33
cc192ab6-5e3d-41c9-82e4-51b9d878bcdf,arthur.kovacs017,arthur.kovacs017@crimemind.internal,$2b$12$e8Y6lP6xY6.G3gN1Gk2h6.vA7n3y0M7X3zF1Q7K0y4W2a5v8S1d2u,Arthur Kovacs,SHERIFF-1017,supervisor,Major Crimes Division,True,2024-04-05T18:44:05,"{""mfa_enabled"": true, ""clearance_level"": ""LEVEL_4_RESTRICTED""}",2021-10-17T07:48:02,2024-08-06T00:19:48
731595d1-c85a-485a-bcd8-16168bf8f899,ingrid.reyes018,ingrid.reyes018@crimemind.internal,$2b$12$e8Y6lP6xY6.G3gN1Gk2h6.vA7n3y0M7X3zF1Q7K0y4W2a5v8S1d2u,Ingrid Reyes,SHERIFF-1018,forensic_specialist,Forensic & Intelligence Bureau,True,2024-08-14T14:55:15,"{""mfa_enabled"": true, ""clearance_level"": ""LEVEL_4_RESTRICTED""}",2021-06-05T02:40:57,2024-05-20T14:03:05
494fd662-8696-41f5-af20-711c98281381,viktor.winter019,viktor.winter019@crimemind.internal,$2b$12$e8Y6lP6xY6.G3gN1Gk2h6.vA7n3y0M7X3zF1Q7K0y4W2a5v8S1d2u,Viktor Winter,,administrator,Forensic & Intelligence Bureau,True,2024-07-10T15:54:03,"{""mfa_enabled"": true, ""clearance_level"": ""LEVEL_4_RESTRICTED""}",2021-02-05T07:20:13,2024-01-19T07:09:23
554ac48c-0f70-4e5c-8e9e-0d67111590c2,lucas.sterling020,lucas.sterling020@crimemind.internal,$2b$12$e8Y6lP6xY6.G3gN1Gk2h6.vA7n3y0M7X3zF1Q7K0y4W2a5v8S1d2u,Lucas Sterling,SHERIFF-1020,investigator,Major Crimes Division,True,2024-06-12T22:48:57,"{""mfa_enabled"": true, ""clearance_level"": ""LEVEL_4_RESTRICTED""}",2021-08-20T14:56:06,2024-01-25T16:07:16
c18e5ebb-f576-401d-a4df-b40da14c8455,diana.trevino021,diana.trevino021@crimemind.internal,$2b$12$e8Y6lP6xY6.G3gN1Gk2h6.vA7n3y0M7X3zF1Q7K0y4W2a5v8S1d2u,Diana Trevino,SHERIFF-1021,analyst,Forensic & Intelligence Bureau,True,2024-07-24T11:42:11,"{""mfa_enabled"": true, ""clearance_level"": ""LEVEL_4_RESTRICTED""}",2021-04-08T15:20:57,2024-08-02T20:26:20
4a9e2705-cd62-4095-8078-0d01a9cdfa73,trevor.zimmerman022,trevor.zimmerman022@crimemind.internal,$2b$12$e8Y6lP6xY6.G3gN1Gk2h6.vA7n3y0M7X3zF1Q7K0y4W2a5v8S1d2u,Trevor Zimmerman,SHERIFF-1022,supervisor,Major Crimes Division,True,2024-04-13T14:59:27,"{""mfa_enabled"": true, ""clearance_level"": ""LEVEL_4_RESTRICTED""}",2021-10-26T11:51:33,2024-05-12T02:39:54
766b4c3b-04c1-4079-8784-d3279bb38c6e,carlos.reyes023,carlos.reyes023@crimemind.internal,$2b$12$e8Y6lP6xY6.G3gN1Gk2h6.vA7n3y0M7X3zF1Q7K0y4W2a5v8S1d2u,Carlos Reyes,SHERIFF-1023,forensic_specialist,Forensic & Intelligence Bureau,True,2024-03-02T10:08:13,"{""mfa_enabled"": true, ""clearance_level"": ""LEVEL_4_RESTRICTED""}",2021-06-26T05:00:41,2024-01-02T06:14:54
f3cec1c5-ae3c-419e-82df-62f409ab6915,camilla.mercer024,camilla.mercer024@crimemind.internal,$2b$12$e8Y6lP6xY6.G3gN1Gk2h6.vA7n3y0M7X3zF1Q7K0y4W2a5v8S1d2u,Camilla Mercer,,administrator,Forensic & Intelligence Bureau,True,2024-07-16T03:56:10,"{""mfa_enabled"": true, ""clearance_level"": ""LEVEL_4_RESTRICTED""}",2021-12-21T10:18:28,2024-02-11T07:49:14
362266b5-a9fb-46b0-a5ba-901f4d021e3c,lila.winter025,lila.winter025@crimemind.internal,$2b$12$e8Y6lP6xY6.G3gN1Gk2h6.vA7n3y0M7X3zF1Q7K0y4W2a5v8S1d2u,Lila Winter,SHERIFF-1025,investigator,Major Crimes Division,True,2024-08-24T12:00:49,"{""mfa_enabled"": true, ""clearance_level"": ""LEVEL_4_RESTRICTED""}",2021-03-19T05:59:09,2024-02-29T08:33:54
4b8cd224-f8b6-49e9-a1af-aabe9eac29a7,jocelyn.sterling026,jocelyn.sterling026@crimemind.internal,$2b$12$e8Y6lP6xY6.G3gN1Gk2h6.vA7n3y0M7X3zF1Q7K0y4W2a5v8S1d2u,Jocelyn Sterling,SHERIFF-1026,analyst,Forensic & Intelligence Bureau,True,2024-07-28T11:22:36,"{""mfa_enabled"": true, ""clearance_level"": ""LEVEL_4_RESTRICTED""}",2021-10-30T09:19:29,2024-07-24T23:15:16
71b39fa4-fbdd-420f-8ee6-c5ac2708cb63,nico.gallagher027,nico.gallagher027@crimemind.internal,$2b$12$e8Y6lP6xY6.G3gN1Gk2h6.vA7n3y0M7X3zF1Q7K0y4W2a5v8S1d2u,Nico Gallagher,SHERIFF-1027,supervisor,Major Crimes Division,True,2024-07-08T18:08:07,"{""mfa_enabled"": true, ""clearance_level"": ""LEVEL_4_RESTRICTED""}",2021-01-08T13:32:11,2024-02-13T10:40:57
5a04f672-fa7e-4a6e-a9d5-e7c3164eed5c,noelle.whitaker028,noelle.whitaker028@crimemind.internal,$2b$12$e8Y6lP6xY6.G3gN1Gk2h6.vA7n3y0M7X3zF1Q7K0y4W2a5v8S1d2u,Noelle Whitaker,SHERIFF-1028,forensic_specialist,Forensic & Intelligence Bureau,True,2024-04-02T23:51:26,"{""mfa_enabled"": true, ""clearance_level"": ""LEVEL_4_RESTRICTED""}",2021-01-23T11:54:06,2024-04-03T13:05:09
03d19c14-7857-421a-92e6-67eaf25b8a4c,derrick.valdez029,derrick.valdez029@crimemind.internal,$2b$12$e8Y6lP6xY6.G3gN1Gk2h6.vA7n3y0M7X3zF1Q7K0y4W2a5v8S1d2u,Derrick Valdez,,administrator,Forensic & Intelligence Bureau,True,2024-01-27T21:06:26,"{""mfa_enabled"": true, ""clearance_level"": ""LEVEL_4_RESTRICTED""}",2021-10-23T09:19:33,2024-07-25T21:10:52
de079284-08cb-4c33-8b41-8c2739299224,viktor.underwood030,viktor.underwood030@crimemind.internal,$2b$12$e8Y6lP6xY6.G3gN1Gk2h6.vA7n3y0M7X3zF1Q7K0y4W2a5v8S1d2u,Viktor Underwood,SHERIFF-1030,investigator,Major Crimes Division,True,2024-08-01T12:32:27,"{""mfa_enabled"": true, ""clearance_level"": ""LEVEL_4_RESTRICTED""}",2021-03-06T03:05:41,2024-04-12T22:30:24
00eadaf9-3cbd-476c-aa7f-0887ea7330e0,talia.chen031,talia.chen031@crimemind.internal,$2b$12$e8Y6lP6xY6.G3gN1Gk2h6.vA7n3y0M7X3zF1Q7K0y4W2a5v8S1d2u,Talia Chen,SHERIFF-1031,analyst,Forensic & Intelligence Bureau,True,2024-07-28T10:36:13,"{""mfa_enabled"": true, ""clearance_level"": ""LEVEL_4_RESTRICTED""}",2021-10-21T07:34:54,2024-03-19T02:51:49
ee557341-96b9-47bd-ac0f-21372b113da5,diana.lombardi032,diana.lombardi032@crimemind.internal,$2b$12$e8Y6lP6xY6.G3gN1Gk2h6.vA7n3y0M7X3zF1Q7K0y4W2a5v8S1d2u,Diana Lombardi,SHERIFF-1032,supervisor,Major Crimes Division,True,2024-06-19T03:23:19,"{""mfa_enabled"": true, ""clearance_level"": ""LEVEL_4_RESTRICTED""}",2021-12-16T09:00:39,2024-07-20T00:09:23
8c0314e7-fdca-4168-ba8a-a31c5e085425,maya.castillo033,maya.castillo033@crimemind.internal,$2b$12$e8Y6lP6xY6.G3gN1Gk2h6.vA7n3y0M7X3zF1Q7K0y4W2a5v8S1d2u,Maya Castillo,SHERIFF-1033,forensic_specialist,Forensic & Intelligence Bureau,True,2024-03-28T06:19:51,"{""mfa_enabled"": true, ""clearance_level"": ""LEVEL_4_RESTRICTED""}",2021-01-25T20:45:52,2024-05-11T07:11:09
a6a7776c-e008-4c53-9c4a-846631780d8f,kieran.fontana034,kieran.fontana034@crimemind.internal,$2b$12$e8Y6lP6xY6.G3gN1Gk2h6.vA7n3y0M7X3zF1Q7K0y4W2a5v8S1d2u,Kieran Fontana,,administrator,Forensic & Intelligence Bureau,True,2024-03-30T08:49:29,"{""mfa_enabled"": true, ""clearance_level"": ""LEVEL_4_RESTRICTED""}",2021-08-17T12:39:33,2024-03-26T12:34:29
a30e28f3-972f-49be-b2fb-4f5afec7a15b,leo.ortiz035,leo.ortiz035@crimemind.internal,$2b$12$e8Y6lP6xY6.G3gN1Gk2h6.vA7n3y0M7X3zF1Q7K0y4W2a5v8S1d2u,Leo Ortiz,SHERIFF-1035,investigator,Major Crimes Division,True,2024-03-29T21:53:31,"{""mfa_enabled"": true, ""clearance_level"": ""LEVEL_4_RESTRICTED""}",2021-01-27T04:12:59,2024-01-13T04:47:23
eaa0f291-6160-4ce3-9a6f-fec293252c36,sophia.winter036,sophia.winter036@crimemind.internal,$2b$12$e8Y6lP6xY6.G3gN1Gk2h6.vA7n3y0M7X3zF1Q7K0y4W2a5v8S1d2u,Sophia Winter,SHERIFF-1036,analyst,Forensic & Intelligence Bureau,True,2024-04-02T10:21:50,"{""mfa_enabled"": true, ""clearance_level"": ""LEVEL_4_RESTRICTED""}",2021-04-19T03:35:46,2024-07-07T12:23:27
9f8fbbf7-485a-41c8-b96e-3ea7ebb817c4,enzo.kovacs037,enzo.kovacs037@crimemind.internal,$2b$12$e8Y6lP6xY6.G3gN1Gk2h6.vA7n3y0M7X3zF1Q7K0y4W2a5v8S1d2u,Enzo Kovacs,SHERIFF-1037,supervisor,Major Crimes Division,True,2024-08-09T18:30:26,"{""mfa_enabled"": true, ""clearance_level"": ""LEVEL_4_RESTRICTED""}",2021-08-12T18:40:54,2024-07-02T13:36:47
5f17864d-bc80-4ac4-95bc-603e200b1260,jesse.quinn038,jesse.quinn038@crimemind.internal,$2b$12$e8Y6lP6xY6.G3gN1Gk2h6.vA7n3y0M7X3zF1Q7K0y4W2a5v8S1d2u,Jesse Quinn,SHERIFF-1038,forensic_specialist,Forensic & Intelligence Bureau,True,2024-03-14T22:44:56,"{""mfa_enabled"": true, ""clearance_level"": ""LEVEL_4_RESTRICTED""}",2021-02-06T15:10:48,2024-02-07T15:27:38
08c23ed7-caf3-4086-86c3-d7bf23e24187,vivian.reyes039,vivian.reyes039@crimemind.internal,$2b$12$e8Y6lP6xY6.G3gN1Gk2h6.vA7n3y0M7X3zF1Q7K0y4W2a5v8S1d2u,Vivian Reyes,,administrator,Forensic & Intelligence Bureau,True,2024-06-08T15:45:03,"{""mfa_enabled"": true, ""clearance_level"": ""LEVEL_4_RESTRICTED""}",2021-07-01T08:59:07,2024-01-22T00:54:43
be5e6447-fc3c-442e-908f-c6ed570f058b,ray.pemberton040,ray.pemberton040@crimemind.internal,$2b$12$e8Y6lP6xY6.G3gN1Gk2h6.vA7n3y0M7X3zF1Q7K0y4W2a5v8S1d2u,Ray Pemberton,SHERIFF-1040,investigator,Major Crimes Division,True,2024-05-11T18:31:46,"{""mfa_enabled"": true, ""clearance_level"": ""LEVEL_4_RESTRICTED""}",2021-11-07T22:03:46,2024-02-12T10:27:40
0e7ef7ef-e3b8-48dd-8aee-fc4019440f1f,ethan.blackwood041,ethan.blackwood041@crimemind.internal,$2b$12$e8Y6lP6xY6.G3gN1Gk2h6.vA7n3y0M7X3zF1Q7K0y4W2a5v8S1d2u,Ethan Blackwood,SHERIFF-1041,analyst,Forensic & Intelligence Bureau,True,2024-07-27T06:32:43,"{""mfa_enabled"": true, ""clearance_level"": ""LEVEL_4_RESTRICTED""}",2021-06-24T05:22:52,2024-02-24T10:35:37
c23a6138-63a7-4cf1-8f14-6a6e6747d548,serena.sinclair042,serena.sinclair042@crimemind.internal,$2b$12$e8Y6lP6xY6.G3gN1Gk2h6.vA7n3y0M7X3zF1Q7K0y4W2a5v8S1d2u,Serena Sinclair,SHERIFF-1042,supervisor,Major Crimes Division,True,2024-06-28T16:00:22,"{""mfa_enabled"": true, ""clearance_level"": ""LEVEL_4_RESTRICTED""}",2021-04-08T00:21:53,2024-01-30T06:38:17
f6def6d9-f1f8-4036-b12b-ed7ff26f860c,kendra.fontana043,kendra.fontana043@crimemind.internal,$2b$12$e8Y6lP6xY6.G3gN1Gk2h6.vA7n3y0M7X3zF1Q7K0y4W2a5v8S1d2u,Kendra Fontana,SHERIFF-1043,forensic_specialist,Forensic & Intelligence Bureau,True,2024-02-08T00:34:31,"{""mfa_enabled"": true, ""clearance_level"": ""LEVEL_4_RESTRICTED""}",2021-01-20T15:31:02,2024-07-28T22:38:41
40a6c25d-a586-427c-b2a7-b4772b1392a8,derrick.castillo044,derrick.castillo044@crimemind.internal,$2b$12$e8Y6lP6xY6.G3gN1Gk2h6.vA7n3y0M7X3zF1Q7K0y4W2a5v8S1d2u,Derrick Castillo,,administrator,Forensic & Intelligence Bureau,True,2024-03-05T14:07:54,"{""mfa_enabled"": true, ""clearance_level"": ""LEVEL_4_RESTRICTED""}",2021-06-07T20:03:12,2024-07-07T14:30:12
ceedafb3-067f-430c-99d8-2dbb800320d1,nadia.pemberton045,nadia.pemberton045@crimemind.internal,$2b$12$e8Y6lP6xY6.G3gN1Gk2h6.vA7n3y0M7X3zF1Q7K0y4W2a5v8S1d2u,Nadia Pemberton,SHERIFF-1045,investigator,Major Crimes Division,True,2024-01-23T18:31:17,"{""mfa_enabled"": true, ""clearance_level"": ""LEVEL_4_RESTRICTED""}",2021-03-05T22:31:45,2024-05-27T04:17:07
6fe5e53c-4d53-4965-9bc3-88d0e92ad3f6,stefan.novak046,stefan.novak046@crimemind.internal,$2b$12$e8Y6lP6xY6.G3gN1Gk2h6.vA7n3y0M7X3zF1Q7K0y4W2a5v8S1d2u,Stefan Novak,SHERIFF-1046,analyst,Forensic & Intelligence Bureau,True,2024-06-25T16:59:07,"{""mfa_enabled"": true, ""clearance_level"": ""LEVEL_4_RESTRICTED""}",2021-04-21T18:42:55,2024-06-13T06:42:55
3e3a3f8f-55bd-4ca5-b71f-4a083ee36817,clara.blackwood047,clara.blackwood047@crimemind.internal,$2b$12$e8Y6lP6xY6.G3gN1Gk2h6.vA7n3y0M7X3zF1Q7K0y4W2a5v8S1d2u,Clara Blackwood,SHERIFF-1047,supervisor,Major Crimes Division,True,2024-04-25T05:31:02,"{""mfa_enabled"": true, ""clearance_level"": ""LEVEL_4_RESTRICTED""}",2021-03-26T13:07:09,2024-01-23T17:06:13
1c7bd115-3ab5-4251-b044-52ee0d6dd84a,felix.ortiz048,felix.ortiz048@crimemind.internal,$2b$12$e8Y6lP6xY6.G3gN1Gk2h6.vA7n3y0M7X3zF1Q7K0y4W2a5v8S1d2u,Felix Ortiz,SHERIFF-1048,forensic_specialist,Forensic & Intelligence Bureau,True,2024-01-20T11:21:37,"{""mfa_enabled"": true, ""clearance_level"": ""LEVEL_4_RESTRICTED""}",2021-08-15T20:55:47,2024-07-04T03:59:27
aa86f9b8-dd69-49c4-9916-b1d05dd1ea96,ray.winter049,ray.winter049@crimemind.internal,$2b$12$e8Y6lP6xY6.G3gN1Gk2h6.vA7n3y0M7X3zF1Q7K0y4W2a5v8S1d2u,Ray Winter,,administrator,Forensic & Intelligence Bureau,True,2024-02-01T02:41:34,"{""mfa_enabled"": true, ""clearance_level"": ""LEVEL_4_RESTRICTED""}",2021-11-27T15:05:15,2024-03-13T04:00:51
6c916e06-6b8a-48a0-aae8-1f044efe4677,nico.hayes050,nico.hayes050@crimemind.internal,$2b$12$e8Y6lP6xY6.G3gN1Gk2h6.vA7n3y0M7X3zF1Q7K0y4W2a5v8S1d2u,Nico Hayes,SHERIFF-1050,investigator,Major Crimes Division,True,2024-04-01T08:15:33,"{""mfa_enabled"": true, ""clearance_level"": ""LEVEL_4_RESTRICTED""}",2021-06-06T19:27:39,2024-02-16T13:25:27
2407f046-5573-42e0-92d9-eb3733c39912,kieran.miller051,kieran.miller051@crimemind.internal,$2b$12$e8Y6lP6xY6.G3gN1Gk2h6.vA7n3y0M7X3zF1Q7K0y4W2a5v8S1d2u,Kieran Miller,SHERIFF-1051,analyst,Forensic & Intelligence Bureau,True,2024-08-28T13:03:14,"{""mfa_enabled"": true, ""clearance_level"": ""LEVEL_4_RESTRICTED""}",2021-02-01T20:08:26,2024-06-11T19:27:33
74ea34a1-0cf2-4940-8b3e-1ca58dc0f75d,raven.novak052,raven.novak052@crimemind.internal,$2b$12$e8Y6lP6xY6.G3gN1Gk2h6.vA7n3y0M7X3zF1Q7K0y4W2a5v8S1d2u,Raven Novak,SHERIFF-1052,supervisor,Major Crimes Division,True,2024-03-20T07:50:01,"{""mfa_enabled"": true, ""clearance_level"": ""LEVEL_4_RESTRICTED""}",2021-09-18T02:17:54,2024-05-02T00:24:21
6b8232e2-7d47-42ad-bc13-101e3f41a39e,arthur.pemberton053,arthur.pemberton053@crimemind.internal,$2b$12$e8Y6lP6xY6.G3gN1Gk2h6.vA7n3y0M7X3zF1Q7K0y4W2a5v8S1d2u,Arthur Pemberton,SHERIFF-1053,forensic_specialist,Forensic & Intelligence Bureau,True,2024-02-20T19:52:26,"{""mfa_enabled"": true, ""clearance_level"": ""LEVEL_4_RESTRICTED""}",2021-09-18T20:36:23,2024-04-26T12:10:31
05d6b891-20cd-4975-9454-49b2dc383d59,selena.hayes054,selena.hayes054@crimemind.internal,$2b$12$e8Y6lP6xY6.G3gN1Gk2h6.vA7n3y0M7X3zF1Q7K0y4W2a5v8S1d2u,Selena Hayes,,administrator,Forensic & Intelligence Bureau,True,2024-01-04T14:49:34,"{""mfa_enabled"": true, ""clearance_level"": ""LEVEL_4_RESTRICTED""}",2021-06-27T23:31:50,2024-08-29T05:37:25
c362e9a7-dbc0-415c-b70b-5c4c86cdcbd7,leo.zimmerman055,leo.zimmerman055@crimemind.internal,$2b$12$e8Y6lP6xY6.G3gN1Gk2h6.vA7n3y0M7X3zF1Q7K0y4W2a5v8S1d2u,Leo Zimmerman,SHERIFF-1055,investigator,Major Crimes Division,True,2024-03-23T18:44:31,"{""mfa_enabled"": true, ""clearance_level"": ""LEVEL_4_RESTRICTED""}",2021-07-16T11:11:13,2024-04-12T23:50:49
1c421806-ce41-4c09-9934-a9c88e9a2329,mateo.hayes056,mateo.hayes056@crimemind.internal,$2b$12$e8Y6lP6xY6.G3gN1Gk2h6.vA7n3y0M7X3zF1Q7K0y4W2a5v8S1d2u,Mateo Hayes,SHERIFF-1056,analyst,Forensic & Intelligence Bureau,True,2024-04-04T20:53:44,"{""mfa_enabled"": true, ""clearance_level"": ""LEVEL_4_RESTRICTED""}",2021-05-24T12:14:31,2024-04-20T16:16:30
b9b299e8-f3aa-4ea9-a1cc-2b79a0418496,elias.zimmerman057,elias.zimmerman057@crimemind.internal,$2b$12$e8Y6lP6xY6.G3gN1Gk2h6.vA7n3y0M7X3zF1Q7K0y4W2a5v8S1d2u,Elias Zimmerman,SHERIFF-1057,supervisor,Major Crimes Division,True,2024-04-27T11:39:50,"{""mfa_enabled"": true, ""clearance_level"": ""LEVEL_4_RESTRICTED""}",2021-08-26T13:14:59,2024-07-24T10:05:04
d83cc689-aec7-48fd-ac24-7ab26ca22abe,gideon.whitaker058,gideon.whitaker058@crimemind.internal,$2b$12$e8Y6lP6xY6.G3gN1Gk2h6.vA7n3y0M7X3zF1Q7K0y4W2a5v8S1d2u,Gideon Whitaker,SHERIFF-1058,forensic_specialist,Forensic & Intelligence Bureau,True,2024-02-10T05:29:46,"{""mfa_enabled"": true, ""clearance_level"": ""LEVEL_4_RESTRICTED""}",2021-12-31T15:27:42,2024-02-22T03:41:02
fc9d0247-98f6-4e72-ba0c-5773fad9b194,maya.bennett059,maya.bennett059@crimemind.internal,$2b$12$e8Y6lP6xY6.G3gN1Gk2h6.vA7n3y0M7X3zF1Q7K0y4W2a5v8S1d2u,Maya Bennett,,administrator,Forensic & Intelligence Bureau,True,2024-08-02T20:25:05,"{""mfa_enabled"": true, ""clearance_level"": ""LEVEL_4_RESTRICTED""}",2021-03-02T08:52:46,2024-04-15T18:28:09
aa26d8e5-ee5b-4526-b7e8-28af956725f1,chloe.chen060,chloe.chen060@crimemind.internal,$2b$12$e8Y6lP6xY6.G3gN1Gk2h6.vA7n3y0M7X3zF1Q7K0y4W2a5v8S1d2u,Chloe Chen,SHERIFF-1060,investigator,Major Crimes Division,True,2024-05-13T03:52:33,"{""mfa_enabled"": true, ""clearance_level"": ""LEVEL_4_RESTRICTED""}",2021-03-21T01:39:52,2024-04-12T12:30:29
da367ae3-033a-454b-b30b-4e63ef39580a,carmen.ortiz061,carmen.ortiz061@crimemind.internal,$2b$12$e8Y6lP6xY6.G3gN1Gk2h6.vA7n3y0M7X3zF1Q7K0y4W2a5v8S1d2u,Carmen Ortiz,SHERIFF-1061,analyst,Forensic & Intelligence Bureau,True,2024-02-05T20:17:02,"{""mfa_enabled"": true, ""clearance_level"": ""LEVEL_4_RESTRICTED""}",2021-09-04T07:57:34,2024-06-13T12:00:44
670c7770-df58-4483-a8c6-00c1945c52ea,elena.vance062,elena.vance062@crimemind.internal,$2b$12$e8Y6lP6xY6.G3gN1Gk2h6.vA7n3y0M7X3zF1Q7K0y4W2a5v8S1d2u,Elena Vance,SHERIFF-1062,supervisor,Major Crimes Division,True,2024-05-09T12:58:20,"{""mfa_enabled"": true, ""clearance_level"": ""LEVEL_4_RESTRICTED""}",2021-10-27T11:21:07,2024-02-20T19:19:39
960a0a33-7ea7-4287-8129-4e705a5ca11c,serena.stratton063,serena.stratton063@crimemind.internal,$2b$12$e8Y6lP6xY6.G3gN1Gk2h6.vA7n3y0M7X3zF1Q7K0y4W2a5v8S1d2u,Serena Stratton,SHERIFF-1063,forensic_specialist,Forensic & Intelligence Bureau,True,2024-08-02T06:02:03,"{""mfa_enabled"": true, ""clearance_level"": ""LEVEL_4_RESTRICTED""}",2021-10-02T01:17:50,2024-06-15T02:19:51
fb174d1d-b289-4216-ac53-9d426ce7e647,trevor.hayes064,trevor.hayes064@crimemind.internal,$2b$12$e8Y6lP6xY6.G3gN1Gk2h6.vA7n3y0M7X3zF1Q7K0y4W2a5v8S1d2u,Trevor Hayes,,administrator,Forensic & Intelligence Bureau,True,2024-02-27T21:17:11,"{""mfa_enabled"": true, ""clearance_level"": ""LEVEL_4_RESTRICTED""}",2021-07-31T21:16:12,2024-01-14T23:48:23
00c47fd5-4666-4993-8f25-7fb3e2853ef4,brianna.fontana065,brianna.fontana065@crimemind.internal,$2b$12$e8Y6lP6xY6.G3gN1Gk2h6.vA7n3y0M7X3zF1Q7K0y4W2a5v8S1d2u,Brianna Fontana,SHERIFF-1065,investigator,Major Crimes Division,True,2024-02-27T12:20:02,"{""mfa_enabled"": true, ""clearance_level"": ""LEVEL_4_RESTRICTED""}",2021-06-16T21:54:09,2024-02-19T11:52:42
e8fcb1dc-98ae-475f-b229-d3fd7f62535e,dante.lombardi066,dante.lombardi066@crimemind.internal,$2b$12$e8Y6lP6xY6.G3gN1Gk2h6.vA7n3y0M7X3zF1Q7K0y4W2a5v8S1d2u,Dante Lombardi,SHERIFF-1066,analyst,Forensic & Intelligence Bureau,True,2024-01-16T11:50:49,"{""mfa_enabled"": true, ""clearance_level"": ""LEVEL_4_RESTRICTED""}",2021-12-16T02:35:05,2024-05-18T23:01:25
13c46293-f698-4753-910e-1eaf96fd9734,dominic.bennett067,dominic.bennett067@crimemind.internal,$2b$12$e8Y6lP6xY6.G3gN1Gk2h6.vA7n3y0M7X3zF1Q7K0y4W2a5v8S1d2u,Dominic Bennett,SHERIFF-1067,supervisor,Major Crimes Division,True,2024-05-17T08:31:25,"{""mfa_enabled"": true, ""clearance_level"": ""LEVEL_4_RESTRICTED""}",2021-10-30T23:12:37,2024-08-05T10:29:33
766e1e8d-3716-4b57-bd8d-b4f0a4968c92,chloe.moretti068,chloe.moretti068@crimemind.internal,$2b$12$e8Y6lP6xY6.G3gN1Gk2h6.vA7n3y0M7X3zF1Q7K0y4W2a5v8S1d2u,Chloe Moretti,SHERIFF-1068,forensic_specialist,Forensic & Intelligence Bureau,True,2024-04-01T22:33:06,"{""mfa_enabled"": true, ""clearance_level"": ""LEVEL_4_RESTRICTED""}",2021-12-02T18:42:33,2024-03-04T02:37:34
7fc0b838-8163-4ec4-8240-bf974f6cc69c,zane.drake069,zane.drake069@crimemind.internal,$2b$12$e8Y6lP6xY6.G3gN1Gk2h6.vA7n3y0M7X3zF1Q7K0y4W2a5v8S1d2u,Zane Drake,,administrator,Forensic & Intelligence Bureau,True,2024-03-10T15:45:45,"{""mfa_enabled"": true, ""clearance_level"": ""LEVEL_4_RESTRICTED""}",2021-10-14T01:16:42,2024-05-09T00:11:34
3ddcad9f-5a12-4c03-9660-b9aee08ccabc,kendra.castillo070,kendra.castillo070@crimemind.internal,$2b$12$e8Y6lP6xY6.G3gN1Gk2h6.vA7n3y0M7X3zF1Q7K0y4W2a5v8S1d2u,Kendra Castillo,SHERIFF-1070,investigator,Major Crimes Division,True,2024-04-13T14:48:34,"{""mfa_enabled"": true, ""clearance_level"": ""LEVEL_4_RESTRICTED""}",2021-03-03T19:49:53,2024-02-11T23:31:27
6f7697e6-aa82-4534-b230-03783f9e1cb9,miriam.miller071,miriam.miller071@crimemind.internal,$2b$12$e8Y6lP6xY6.G3gN1Gk2h6.vA7n3y0M7X3zF1Q7K0y4W2a5v8S1d2u,Miriam Miller,SHERIFF-1071,analyst,Forensic & Intelligence Bureau,True,2024-07-01T19:08:56,"{""mfa_enabled"": true, ""clearance_level"": ""LEVEL_4_RESTRICTED""}",2021-03-28T09:13:57,2024-03-18T12:09:12
9462e13e-b170-4ac5-82c1-41370433c283,vivian.whitaker072,vivian.whitaker072@crimemind.internal,$2b$12$e8Y6lP6xY6.G3gN1Gk2h6.vA7n3y0M7X3zF1Q7K0y4W2a5v8S1d2u,Vivian Whitaker,SHERIFF-1072,supervisor,Major Crimes Division,True,2024-03-29T09:20:37,"{""mfa_enabled"": true, ""clearance_level"": ""LEVEL_4_RESTRICTED""}",2021-03-28T13:47:53,2024-01-10T04:34:06
1f57aa7f-0542-47ac-905d-e6f62d441a81,xavier.holloway073,xavier.holloway073@crimemind.internal,$2b$12$e8Y6lP6xY6.G3gN1Gk2h6.vA7n3y0M7X3zF1Q7K0y4W2a5v8S1d2u,Xavier Holloway,SHERIFF-1073,forensic_specialist,Forensic & Intelligence Bureau,True,2024-04-18T04:46:07,"{""mfa_enabled"": true, ""clearance_level"": ""LEVEL_4_RESTRICTED""}",2021-12-02T16:21:12,2024-01-27T23:02:53
7c6835ab-29c4-4d81-bcd7-38b91b967060,vivian.winter074,vivian.winter074@crimemind.internal,$2b$12$e8Y6lP6xY6.G3gN1Gk2h6.vA7n3y0M7X3zF1Q7K0y4W2a5v8S1d2u,Vivian Winter,,administrator,Forensic & Intelligence Bureau,True,2024-06-04T05:16:21,"{""mfa_enabled"": true, ""clearance_level"": ""LEVEL_4_RESTRICTED""}",2021-09-21T21:34:04,2024-07-27T05:53:34
b5a3e7c2-cd55-406a-a60c-909051ed15ee,talia.drake075,talia.drake075@crimemind.internal,$2b$12$e8Y6lP6xY6.G3gN1Gk2h6.vA7n3y0M7X3zF1Q7K0y4W2a5v8S1d2u,Talia Drake,SHERIFF-1075,investigator,Major Crimes Division,True,2024-02-14T19:03:46,"{""mfa_enabled"": true, ""clearance_level"": ""LEVEL_4_RESTRICTED""}",2021-12-07T14:35:25,2024-04-11T10:42:07
cec48c66-bf26-48f1-8518-5d8927724386,kieran.novak076,kieran.novak076@crimemind.internal,$2b$12$e8Y6lP6xY6.G3gN1Gk2h6.vA7n3y0M7X3zF1Q7K0y4W2a5v8S1d2u,Kieran Novak,SHERIFF-1076,analyst,Forensic & Intelligence Bureau,True,2024-01-15T20:34:58,"{""mfa_enabled"": true, ""clearance_level"": ""LEVEL_4_RESTRICTED""}",2021-02-12T02:23:05,2024-08-19T16:26:49
db691f6c-42b0-4c25-98c6-0f6118c66d0d,vivian.gallagher077,vivian.gallagher077@crimemind.internal,$2b$12$e8Y6lP6xY6.G3gN1Gk2h6.vA7n3y0M7X3zF1Q7K0y4W2a5v8S1d2u,Vivian Gallagher,SHERIFF-1077,supervisor,Major Crimes Division,True,2024-06-18T11:29:08,"{""mfa_enabled"": true, ""clearance_level"": ""LEVEL_4_RESTRICTED""}",2021-08-24T10:16:33,2024-07-17T14:48:30
8930debb-303d-486c-ae62-c2749959380f,stefan.blackwood078,stefan.blackwood078@crimemind.internal,$2b$12$e8Y6lP6xY6.G3gN1Gk2h6.vA7n3y0M7X3zF1Q7K0y4W2a5v8S1d2u,Stefan Blackwood,SHERIFF-1078,forensic_specialist,Forensic & Intelligence Bureau,True,2024-04-08T22:11:09,"{""mfa_enabled"": true, ""clearance_level"": ""LEVEL_4_RESTRICTED""}",2021-01-18T05:42:44,2024-06-18T08:21:02
a4400632-2a03-4bf1-9d3c-90df4888543a,devon.zimmerman079,devon.zimmerman079@crimemind.internal,$2b$12$e8Y6lP6xY6.G3gN1Gk2h6.vA7n3y0M7X3zF1Q7K0y4W2a5v8S1d2u,Devon Zimmerman,,administrator,Forensic & Intelligence Bureau,True,2024-03-17T12:30:01,"{""mfa_enabled"": true, ""clearance_level"": ""LEVEL_4_RESTRICTED""}",2021-05-22T10:47:24,2024-06-16T11:58:59
03366f17-c7ea-4ff7-8179-8ccbb0264bcd,leon.gallagher080,leon.gallagher080@crimemind.internal,$2b$12$e8Y6lP6xY6.G3gN1Gk2h6.vA7n3y0M7X3zF1Q7K0y4W2a5v8S1d2u,Leon Gallagher,SHERIFF-1080,investigator,Major Crimes Division,True,2024-02-18T09:35:31,"{""mfa_enabled"": true, ""clearance_level"": ""LEVEL_4_RESTRICTED""}",2021-10-07T12:35:45,2024-04-26T15:12:23
7ca787ca-c28b-4c83-91e9-c5456fab6c4b,giselle.quinn081,giselle.quinn081@crimemind.internal,$2b$12$e8Y6lP6xY6.G3gN1Gk2h6.vA7n3y0M7X3zF1Q7K0y4W2a5v8S1d2u,Giselle Quinn,SHERIFF-1081,analyst,Forensic & Intelligence Bureau,True,2024-05-06T16:14:42,"{""mfa_enabled"": true, ""clearance_level"": ""LEVEL_4_RESTRICTED""}",2021-06-06T06:38:36,2024-04-24T19:42:22
7491e732-25ef-4c8e-91cd-97e892c62dc8,ethan.quinn082,ethan.quinn082@crimemind.internal,$2b$12$e8Y6lP6xY6.G3gN1Gk2h6.vA7n3y0M7X3zF1Q7K0y4W2a5v8S1d2u,Ethan Quinn,SHERIFF-1082,supervisor,Major Crimes Division,True,2024-05-27T05:53:24,"{""mfa_enabled"": true, ""clearance_level"": ""LEVEL_4_RESTRICTED""}",2021-09-21T01:03:38,2024-03-08T14:03:08
2def77f3-c4cd-44d4-bc56-18e7c7d712ff,diana.fontana083,diana.fontana083@crimemind.internal,$2b$12$e8Y6lP6xY6.G3gN1Gk2h6.vA7n3y0M7X3zF1Q7K0y4W2a5v8S1d2u,Diana Fontana,SHERIFF-1083,forensic_specialist,Forensic & Intelligence Bureau,True,2024-01-01T03:47:01,"{""mfa_enabled"": true, ""clearance_level"": ""LEVEL_4_RESTRICTED""}",2021-04-29T00:19:11,2024-04-21T10:13:46
567b6a98-baf6-4fd3-a830-92205394ded9,caleb.gallagher084,caleb.gallagher084@crimemind.internal,$2b$12$e8Y6lP6xY6.G3gN1Gk2h6.vA7n3y0M7X3zF1Q7K0y4W2a5v8S1d2u,Caleb Gallagher,,administrator,Forensic & Intelligence Bureau,True,2024-06-29T14:00:14,"{""mfa_enabled"": true, ""clearance_level"": ""LEVEL_4_RESTRICTED""}",2021-06-21T13:44:38,2024-06-20T17:13:40
d5bf169c-572e-43d9-a5b0-045f211799ea,troy.underwood085,troy.underwood085@crimemind.internal,$2b$12$e8Y6lP6xY6.G3gN1Gk2h6.vA7n3y0M7X3zF1Q7K0y4W2a5v8S1d2u,Troy Underwood,SHERIFF-1085,investigator,Major Crimes Division,True,2024-03-06T21:38:18,"{""mfa_enabled"": true, ""clearance_level"": ""LEVEL_4_RESTRICTED""}",2021-09-13T20:56:02,2024-02-02T22:21:06
9b32aab7-dcf8-418e-91b2-bfccedafd90a,camilla.holloway086,camilla.holloway086@crimemind.internal,$2b$12$e8Y6lP6xY6.G3gN1Gk2h6.vA7n3y0M7X3zF1Q7K0y4W2a5v8S1d2u,Camilla Holloway,SHERIFF-1086,analyst,Forensic & Intelligence Bureau,True,2024-02-06T06:25:54,"{""mfa_enabled"": true, ""clearance_level"": ""LEVEL_4_RESTRICTED""}",2021-11-14T20:15:34,2024-04-01T05:08:02
4ee8f497-8795-47a1-864a-095210fb0537,valerie.blackwood087,valerie.blackwood087@crimemind.internal,$2b$12$e8Y6lP6xY6.G3gN1Gk2h6.vA7n3y0M7X3zF1Q7K0y4W2a5v8S1d2u,Valerie Blackwood,SHERIFF-1087,supervisor,Major Crimes Division,True,2024-02-27T05:26:18,"{""mfa_enabled"": true, ""clearance_level"": ""LEVEL_4_RESTRICTED""}",2021-01-10T11:39:40,2024-01-18T22:44:35
9729a09f-8be5-44ca-9a1c-ad2f3dafc195,jesse.hayes088,jesse.hayes088@crimemind.internal,$2b$12$e8Y6lP6xY6.G3gN1Gk2h6.vA7n3y0M7X3zF1Q7K0y4W2a5v8S1d2u,Jesse Hayes,SHERIFF-1088,forensic_specialist,Forensic & Intelligence Bureau,True,2024-06-25T20:47:10,"{""mfa_enabled"": true, ""clearance_level"": ""LEVEL_4_RESTRICTED""}",2021-06-10T22:52:12,2024-08-11T13:38:30
e15deebe-d686-4fa8-808a-420afb2ea092,stefan.valdez089,stefan.valdez089@crimemind.internal,$2b$12$e8Y6lP6xY6.G3gN1Gk2h6.vA7n3y0M7X3zF1Q7K0y4W2a5v8S1d2u,Stefan Valdez,,administrator,Forensic & Intelligence Bureau,True,2024-06-04T05:02:04,"{""mfa_enabled"": true, ""clearance_level"": ""LEVEL_4_RESTRICTED""}",2021-04-05T18:05:59,2024-02-27T07:27:52
976cdcf9-2842-46d9-aef6-bfcd79a11359,damian.reyes090,damian.reyes090@crimemind.internal,$2b$12$e8Y6lP6xY6.G3gN1Gk2h6.vA7n3y0M7X3zF1Q7K0y4W2a5v8S1d2u,Damian Reyes,SHERIFF-1090,investigator,Major Crimes Division,True,2024-03-25T23:44:50,"{""mfa_enabled"": true, ""clearance_level"": ""LEVEL_4_RESTRICTED""}",2021-03-10T07:22:57,2024-07-20T03:42:58
a4d8fae2-c3a3-4c2a-af97-83798eb7417b,elena.fontana091,elena.fontana091@crimemind.internal,$2b$12$e8Y6lP6xY6.G3gN1Gk2h6.vA7n3y0M7X3zF1Q7K0y4W2a5v8S1d2u,Elena Fontana,SHERIFF-1091,analyst,Forensic & Intelligence Bureau,True,2024-04-06T18:41:46,"{""mfa_enabled"": true, ""clearance_level"": ""LEVEL_4_RESTRICTED""}",2021-12-23T07:26:25,2024-02-17T03:08:38
895fefbe-dc16-49bc-b084-a1ef8cc0cad1,clara.trevino092,clara.trevino092@crimemind.internal,$2b$12$e8Y6lP6xY6.G3gN1Gk2h6.vA7n3y0M7X3zF1Q7K0y4W2a5v8S1d2u,Clara Trevino,SHERIFF-1092,supervisor,Major Crimes Division,True,2024-07-25T06:30:28,"{""mfa_enabled"": true, ""clearance_level"": ""LEVEL_4_RESTRICTED""}",2021-08-06T01:33:40,2024-08-19T06:01:04
21e678f7-97be-43c9-ab04-a6f575dc48d7,talia.stratton093,talia.stratton093@crimemind.internal,$2b$12$e8Y6lP6xY6.G3gN1Gk2h6.vA7n3y0M7X3zF1Q7K0y4W2a5v8S1d2u,Talia Stratton,SHERIFF-1093,forensic_specialist,Forensic & Intelligence Bureau,True,2024-08-25T22:20:00,"{""mfa_enabled"": true, ""clearance_level"": ""LEVEL_4_RESTRICTED""}",2021-11-13T12:24:40,2024-07-15T00:52:24
a49e932d-3819-43ff-b1a1-ec6e753fada0,lila.fontana094,lila.fontana094@crimemind.internal,$2b$12$e8Y6lP6xY6.G3gN1Gk2h6.vA7n3y0M7X3zF1Q7K0y4W2a5v8S1d2u,Lila Fontana,,administrator,Forensic & Intelligence Bureau,True,2024-06-22T04:12:57,"{""mfa_enabled"": true, ""clearance_level"": ""LEVEL_4_RESTRICTED""}",2021-12-15T10:35:08,2024-03-02T19:27:33
795e9912-9e90-486e-a9fd-e9780b5f4ef5,rowan.novak095,rowan.novak095@crimemind.internal,$2b$12$e8Y6lP6xY6.G3gN1Gk2h6.vA7n3y0M7X3zF1Q7K0y4W2a5v8S1d2u,Rowan Novak,SHERIFF-1095,investigator,Major Crimes Division,True,2024-04-06T00:26:28,"{""mfa_enabled"": true, ""clearance_level"": ""LEVEL_4_RESTRICTED""}",2021-11-23T04:05:22,2024-04-17T16:43:44
54f95807-aaa8-4184-95a0-510a4db19934,fiona.castillo096,fiona.castillo096@crimemind.internal,$2b$12$e8Y6lP6xY6.G3gN1Gk2h6.vA7n3y0M7X3zF1Q7K0y4W2a5v8S1d2u,Fiona Castillo,SHERIFF-1096,analyst,Forensic & Intelligence Bureau,True,2024-04-16T15:26:01,"{""mfa_enabled"": true, ""clearance_level"": ""LEVEL_4_RESTRICTED""}",2021-06-20T19:54:35,2024-01-31T02:11:49
f41e1b18-56ca-468e-964c-025652df49a2,valerie.sinclair097,valerie.sinclair097@crimemind.internal,$2b$12$e8Y6lP6xY6.G3gN1Gk2h6.vA7n3y0M7X3zF1Q7K0y4W2a5v8S1d2u,Valerie Sinclair,SHERIFF-1097,supervisor,Major Crimes Division,True,2024-05-10T10:19:33,"{""mfa_enabled"": true, ""clearance_level"": ""LEVEL_4_RESTRICTED""}",2021-05-05T03:54:32,2024-07-28T18:35:01
0096c2fe-42f3-4302-bb79-f5b506af819a,viktor.moretti098,viktor.moretti098@crimemind.internal,$2b$12$e8Y6lP6xY6.G3gN1Gk2h6.vA7n3y0M7X3zF1Q7K0y4W2a5v8S1d2u,Viktor Moretti,SHERIFF-1098,forensic_specialist,Forensic & Intelligence Bureau,True,2024-03-30T19:30:47,"{""mfa_enabled"": true, ""clearance_level"": ""LEVEL_4_RESTRICTED""}",2021-05-29T18:08:51,2024-02-29T08:14:53
4b1e625d-484a-4bb6-af38-dcb7ad52358e,leo.quinn099,leo.quinn099@crimemind.internal,$2b$12$e8Y6lP6xY6.G3gN1Gk2h6.vA7n3y0M7X3zF1Q7K0y4W2a5v8S1d2u,Leo Quinn,,administrator,Forensic & Intelligence Bureau,True,2024-06-07T07:06:05,"{""mfa_enabled"": true, ""clearance_level"": ""LEVEL_4_RESTRICTED""}",2021-05-09T12:02:17,2024-07-29T17:30:08
